10.736324803723,10,0.736324803722991
10.4476154382484,10,0.447615438248392
8.71889684732535,10,-1.28110315267465
10.5397063978904,10,0.539706397890383
10.4726042986361,10,0.472604298636145
8.8058128763013,10,-1.1941871236987
9.92750406708107,10,-0.0724959329189275
11.6208112672517,10,1.62081126725174
9.49988794654857,10,-0.500112053451429
8.63220712554604,10,-1.36779287445397
10.1614054558938,10,0.161405455893826
9.42955862016261,10,-0.57044137983739
9.63410846539541,10,-0.365891534604595
10.4190654359056,10,0.419065435905586
9.94388521382271,10,-0.0561147861772949
9.60900659782613,10,-0.39099340217387
8.94071421028047,10,-1.05928578971953
9.15646935901152,10,-0.843530640988478
8.9457325106133,10,-1.0542674893867
9.37563971068911,10,-0.624360289310895
11.8193046110689,10,1.81930461106887
10.1528307970878,10,0.152830797087811
9.43046885996737,10,-0.56953114003263
9.86722589030242,10,-0.132774109697579
10.2551576728857,10,0.255157672885653
10.2875965868981,10,0.287596586898093
10.3325520781442,10,0.332552078144228
11.1396961540561,10,1.1396961540561
9.64004334263397,10,-0.359956657366031
10.3723090228517,10,0.372309022851714
9.35040224048295,10,-0.649597759517053
8.04484372544464,10,-1.95515627455536
9.39750945405344,10,-0.602490545946561
11.4960963027188,10,1.49609630271877
9.62527782335789,10,-0.374722176642105
11.0815891870594,10,1.08158918705938
10.6379891016599,10,0.637989101659938
9.36585726358557,10,-0.634142736414427
12.0347369549625,10,2.03473695496248
10.9302997516484,10,0.930299751648404
10.962849471584,10,0.962849471583986
9.02810423258588,10,-0.971895767414118
9.30755418973416,10,-0.692445810265837
10.6928487844047,10,0.692848784404711
11.2878817311528,10,1.2878817311528
9.97163812020139,10,-0.0283618797986141
11.8434025987083,10,1.84340259870828
9.86217342702431,10,-0.137826572975684
10.7755948715536,10,0.775594871553552
10.0036420862366,10,0.00364208623661388
11.1852657191587,10,1.18526571915874
9.64507243700448,10,-0.354927562995525
9.96589016641276,10,-0.0341098335872387
8.35822789576433,10,-1.64177210423567
10.3295025670277,10,0.329502567027675
10.0979752537106,10,0.0979752537105791
10.5774664528185,10,0.57746645281845
10.3703820755663,10,0.370382075566279
9.26585448482474,10,-0.734145515175257
10.7294441730588,10,0.729444173058777
12.8716090532114,10,2.8716090532114
9.29321164216645,10,-0.706788357833546
11.028782319673,10,1.02878231967304
9.3614669126507,10,-0.638533087349304
8.99451340738702,10,-1.00548659261298
8.75534711605843,10,-1.24465288394157
10.638763970119,10,0.638763970119023
10.0369625812092,10,0.0369625812092251
10.9728835280423,10,0.972883528042262
9.78809836332182,10,-0.211901636678181
8.68728319313249,10,-1.31271680686751
9.77814113344233,10,-0.221858866557673
9.91736553798814,10,-0.0826344620118602
10.6870332143188,10,0.68703321431884
8.64003084266636,10,-1.35996915733364
7.92609693722149,10,-2.07390306277851
10.5170585993081,10,0.517058599308142
9.12363075978097,10,-0.87636924021903
9.44531962023133,10,-0.554680379768666
10.6229707609444,10,0.622970760944443
10.0207807580683,10,0.0207807580682933
10.1872263552611,10,0.187226355261056
11.3464285723546,10,1.34642857235458
11.2136024311267,10,1.21360243112671
10.0040963166081,10,0.00409631660813971
9.39288231098241,10,-0.607117689017591
8.63481648562593,10,-1.36518351437407
10.3616269618296,10,0.361626961829641
12.6528949477267,10,2.65289494772671
11.2026543877626,10,1.20265438776258
10.2587572535629,10,0.258757253562888
8.7353185564725,10,-1.2646814435275
8.5858592478937,10,-1.4141407521063
9.38768450993538,10,-0.612315490064616
5.67056417877753,10,-4.32943582122247
10.483585295539,10,0.483585295539008
11.4427857625595,10,1.44278576255945
10.128491374102,10,0.128491374101989
9.61940343286087,10,-0.380596567139125
11.5764966313822,10,1.57649663138225
9.50084769102432,10,-0.499152308975678
9.32293622969262,10,-0.677063770307384
11.0836458021473,10,1.08364580214733
10.0064579408861,10,0.00645794088605461
9.25534712934236,10,-0.744652870657638
11.0087844416667,10,1.00878444166666
9.43414458287683,10,-0.565855417123172
11.7558151720966,10,1.75581517209656
9.25712924370074,10,-0.742870756299256
9.29796805421199,10,-0.702031945788009
9.2558529633133,10,-0.744147036686697
10.4222682324117,10,0.422268232411685
11.5491085001943,10,1.5491085001943
10.4346581121994,10,0.434658112199407
10.919017571954,10,0.919017571954013
11.4963318306036,10,1.49633183060358
9.84681233210824,10,-0.153187667891762
11.1339137155427,10,1.13391371554266
9.85097468110013,10,-0.149025318899869
12.5171240466652,10,2.51712404666525
10.3124251176427,10,0.312425117642688
9.34433215175165,10,-0.655667848248349
10.1208866762383,10,0.120886676238322
9.11659974695545,10,-0.883400253044545
8.16032326318185,10,-1.83967673681815
10.422772842485,10,0.422772842485046
10.2818409530405,10,0.281840953040462
10.7926624710539,10,0.79266247105389
8.97448756669596,10,-1.02551243330404
9.02149621160115,10,-0.978503788398854
9.40274231986724,10,-0.597257680132756
8.77434378121838,10,-1.22565621878162
13.28444066652,10,3.28444066652002
10.4540276086491,10,0.454027608649083
9.20076528242855,10,-0.799234717571455
10.5199549456959,10,0.519954945695855
11.5086866013718,10,1.50868660137184
10.8325730132117,10,0.832573013211696
11.1278310323221,10,1.12783103232211
10.5923041168886,10,0.592304116888569
8.14060086738676,10,-1.85939913261324
9.06123362712809,10,-0.938766372871913
11.3110909761186,10,1.31109097611863
9.75462598898023,10,-0.245374011019767
10.321513666484,10,0.321513666483985
10.6892551449274,10,0.689255144927413
8.72961744740069,10,-1.27038255259931
10.2367681824604,10,0.236768182460416
9.45778482658034,10,-0.542215173419662
8.15913746476499,10,-1.84086253523501
10.4917053321732,10,0.491705332173199
8.9431370591966,10,-1.0568629408034
9.36956816742703,10,-0.630431832572973
8.3187089730436,10,-1.6812910269564
9.24201727027404,10,-0.757982729725961
10.5532678599201,10,0.553267859920134
11.9807800207817,10,1.98078002078165
8.57186842953131,10,-1.42813157046869
10.4364043913483,10,0.436404391348299
10.6623169609338,10,0.662316960933752
11.3228191701554,10,1.32281917015544
11.5984983092953,10,1.59849830929532
8.59503454967755,10,-1.40496545032245
10.0780740195188,10,0.0780740195188285
11.5676448789552,10,1.56764487895524
10.6952600654735,10,0.695260065473511
11.7879492551638,10,1.78794925516378
11.5556428258414,10,1.55564282584145
13.0011590913383,10,3.00115909133827
6.64077151202071,10,-3.35922848797929
9.57396814294817,10,-0.426031857051826
9.56469479716591,10,-0.435305202834091
8.1675906782837,10,-1.8324093217163
9.32822246314724,10,-0.671777536852757
11.8353693937509,10,1.8353693937509
10.076616261301,10,0.0766162613009667
11.2428273016579,10,1.2428273016579
12.1180100216552,10,2.1180100216552
9.62347410728784,10,-0.376525892712163
9.46797610186203,10,-0.532023898137968
8.28708479967598,10,-1.71291520032403
9.63891239365999,10,-0.36108760634001
9.06815523146358,10,-0.931844768536421
9.71372085378133,10,-0.286279146218672
9.7051225701326,10,-0.294877429867397
9.04668217288968,10,-0.953317827110324
8.49987314220124,10,-1.50012685779876
9.50440362758471,10,-0.495596372415292
10.0192163373173,10,0.0192163373173108
8.82172126118505,10,-1.17827873881495
10.4639680576831,10,0.463968057683096
9.80991464791229,10,-0.190085352087714
9.6557943105024,10,-0.344205689497603
11.2054971045875,10,1.20549710458753
13.0530929201741,10,3.0530929201741
11.1235874615645,10,1.12358746156447
10.8529870471395,10,0.852987047139454
10.0062723798603,10,0.00627237986034557
10.1726875629232,10,0.172687562923199
10.7745919188371,10,0.774591918837065
9.26238523188723,10,-0.737614768112772
8.00659927191276,10,-1.99340072808724
10.5738206970872,10,0.57382069708715
9.06027256679647,10,-0.939727433203528
10.527804248046,10,0.527804248046028
8.88521539067025,10,-1.11478460932975
8.31552449993972,10,-1.68447550006028
8.11157817281413,10,-1.88842182718587
10.3787126539902,10,0.378712653990155
12.6365069682386,10,2.63650696823864
10.2707084799982,10,0.270708479998229
10.6632852254057,10,0.663285225405703
10.1947063885981,10,0.194706388598144
10.3119162924667,10,0.311916292466685
13.2105696954,10,3.21056969539998
8.93830997239027,10,-1.06169002760973
9.78381509557545,10,-0.216184904424548
9.0822256568312,10,-0.917774343168802
10.9739188219416,10,0.973918821941591
10.3484888074997,10,0.348488807499693
9.55254121314964,10,-0.447458786850361
11.0159062052207,10,1.01590620522072
8.6215643891408,10,-1.3784356108592
10.1638794602968,10,0.163879460296776
10.2753982728288,10,0.275398272828848
12.1650307522694,10,2.16503075226943
10.741849334568,10,0.741849334568
10.0455895558996,10,0.0455895558996121
8.14753921798607,10,-1.85246078201393
7.96675766119874,10,-2.03324233880126
10.8174174602482,10,0.817417460248242
9.02979565289782,10,-0.970204347102181
9.66539318694432,10,-0.334606813055682
8.79239579680528,10,-1.20760420319472
10.2525466610355,10,0.252546661035538
10.3172817867078,10,0.317281786707838
12.4321221109812,10,2.43212211098119
12.5371331764845,10,2.53713317648453
11.4834503191106,10,1.48345031911058
11.5164937447918,10,1.51649374479178
8.36167810406568,10,-1.63832189593432
11.7890646307663,10,1.78906463076633
8.67802606560903,10,-1.32197393439097
7.75169073462561,10,-2.24830926537439
14.4560123106777,10,4.45601231067772
10.4490070306931,10,0.449007030693075
9.06480552404982,10,-0.935194475950184
10.011194168277,10,0.0111941682770368
10.0975809315157,10,0.0975809315157376
7.0694761742366,10,-2.9305238257634
8.98580633659294,10,-1.01419366340706
10.7511210940939,10,0.751121094093942
10.0504921615856,10,0.0504921615856186
7.63474721587124,10,-2.36525278412876
9.30009522973263,10,-0.699904770267369
9.78604822303061,10,-0.213951776969393
10.1160920807128,10,0.116092080712825
7.6009464316804,10,-2.3990535683196
10.3653139009407,10,0.365313900940747
12.1901937442269,10,2.19019374422694
7.71593964717276,10,-2.28406035282724
10.6299827199427,10,0.629982719942672
11.9313587146706,10,1.93135871467059
10.5473451160946,10,0.547345116094611
10.8486852285849,10,0.848685228584884
9.3148029851943,10,-0.6851970148057
9.73257343070814,10,-0.267426569291864
8.34503579840767,10,-1.65496420159233
9.82413062556214,10,-0.175869374437859
9.19921134720473,10,-0.80078865279527
9.04535812684773,10,-0.954641873152265
12.1020173093165,10,2.10201730931649
9.82978803908126,10,-0.17021196091874
10.9170336175316,10,0.917033617531596
10.5469836096786,10,0.546983609678638
8.51917941336321,10,-1.48082058663679
7.23935569451096,10,-2.76064430548904
7.90322088974554,10,-2.09677911025446
10.4040071401025,10,0.404007140102502
9.55849641691184,10,-0.441503583088163
11.114529310366,10,1.11452931036597
9.44181337780061,10,-0.558186622199391
8.05517715900952,10,-1.94482284099048
10.1418438247179,10,0.141843824717857
11.623080650667,10,1.623080650667
10.3917032514628,10,0.391703251462823
9.72525794167182,10,-0.274742058328175
9.3773843347164,10,-0.622615665283602
11.8778369205933,10,1.87783692059333
11.355433647622,10,1.35543364762203
9.36233698839834,10,-0.637663011601662
7.99951499098215,10,-2.00048500901785
8.64111289794673,10,-1.35888710205327
10.4963729736031,10,0.496372973603052
8.37114896760459,10,-1.62885103239541
9.42248031578925,10,-0.577519684210754
9.8170626310115,10,-0.182937368988499
9.01308737852445,10,-0.986912621475553
9.06484764127556,10,-0.935152358724443
9.66072018474653,10,-0.339279815253466
9.17327876905935,10,-0.82672123094065
7.98324111156365,10,-2.01675888843635
11.1079581182332,10,1.10795811823323
8.61530369888922,10,-1.38469630111078
11.5603346967717,10,1.56033469677169
9.48173578823334,10,-0.518264211766657
9.53483474763443,10,-0.465165252365572
11.9595779098424,10,1.95957790984243
10.3953377653666,10,0.39533776536659
9.39021145145522,10,-0.609788548544781
8.74507064616733,10,-1.25492935383267
9.21424450714348,10,-0.785755492856519
10.6082094044878,10,0.608209404487764
11.28979369049,10,1.28979369048998
10.0731786368434,10,0.0731786368433724
9.24786028216228,10,-0.752139717837716
10.5123955322026,10,0.512395532202588
11.0264314440141,10,1.02643144401411
9.35448351076806,10,-0.645516489231938
12.211669665335,10,2.211669665335
9.44111146748022,10,-0.558888532519782
11.3796746220172,10,1.37967462201721
11.4888892582777,10,1.48888925827771
10.0871627497567,10,0.0871627497566751
9.86953731545572,10,-0.130462684544274
11.3451379295264,10,1.34513792952641
7.21472257476454,10,-2.78527742523546
10.0521591171126,10,0.0521591171125543
10.1069974808328,10,0.106997480832754
10.5663848590105,10,0.566384859010543
8.62765499731273,10,-1.37234500268727
7.81057914790682,10,-2.18942085209318
5.89927977827261,10,-4.10072022172739
10.848138178425,10,0.848138178424988
11.6790983609445,10,1.67909836094449
9.30717102274306,10,-0.692828977256935
13.713974498156,10,3.71397449815603
8.99840902907241,10,-1.00159097092759
7.94879657890168,10,-2.05120342109832
9.77186076576145,10,-0.228139234238549
10.1658299644541,10,0.165829964454119
11.0708032718853,10,1.07080327188531
10.1901476632068,10,0.190147663206813
8.79911332118957,10,-1.20088667881043
7.60231927110821,10,-2.39768072889179
9.07539544603603,10,-0.92460455396397
7.84851748283616,10,-2.15148251716384
11.1427724085248,10,1.14277240852475
9.83616808757021,10,-0.163831912429788
7.06736307899139,10,-2.93263692100861
10.5792142677641,10,0.579214267764109
8.53708230134087,10,-1.46291769865913
12.1439215934965,10,2.14392159349655
10.0829588799202,10,0.0829588799201985
10.3647066864746,10,0.364706686474566
8.74597681607526,10,-1.25402318392473
10.8338575373973,10,0.833857537397336
10.103584816569,10,0.103584816568952
10.3453621792742,10,0.345362179274211
9.4877764438994,10,-0.512223556100597
11.0300524585122,10,1.03005245851221
6.09075476472139,10,-3.90924523527861
10.2658077033232,10,0.265807703323249
11.6834302271409,10,1.68343022714094
9.69346914901494,10,-0.306530850985055
10.9304186483206,10,0.930418648320645
9.04064620500274,10,-0.95935379499726
10.2785889450127,10,0.278588945012748
9.05725264088046,10,-0.942747359119544
11.850392375283,10,1.85039237528303
10.7602247207378,10,0.760224720737822
12.2281284959262,10,2.22812849592623
9.9323057667972,10,-0.0676942332028024
9.90375863957637,10,-0.096241360423628
10.5089229739605,10,0.508922973960546
12.355146154191,10,2.35514615419097
6.10952562458121,10,-3.89047437541879
7.26825265261154,10,-2.73174734738846
12.066139995173,10,2.06613999517296
13.0916139722664,10,3.09161397226644
9.66531957795725,10,-0.334680422042753
12.2149201348107,10,2.21492013481068
13.5541896460928,10,3.55418964609285
10.3109874067664,10,0.310987406766421
9.2524489776947,10,-0.747551022305303
9.21609532088611,10,-0.783904679113892
9.57881871422923,10,-0.421181285770774
11.3146785375423,10,1.31467853754226
9.71881673965129,10,-0.281183260348712
13.3603696560019,10,3.36036965600191
9.43915740709451,10,-0.560842592905494
8.81686569582874,10,-1.18313430417126
10.9008664258976,10,0.900866425897579
10.389696880936,10,0.389696880935993
10.7667589058671,10,0.766758905867059
6.52535375435957,10,-3.47464624564043
9.75083053380991,10,-0.249169466190095
6.95126648969426,10,-3.04873351030574
10.3084853847346,10,0.308485384734568
11.274556074329,10,1.27455607432896
11.9672778750336,10,1.96727787503363
11.2570413189432,10,1.25704131894322
10.8089509480691,10,0.80895094806907
11.2971426920936,10,1.29714269209358
9.90512307026038,10,-0.0948769297396214
9.93546674777361,10,-0.0645332522263901
11.7121030205257,10,1.71210302052575
11.8260560870479,10,1.8260560870479
9.20847072804876,10,-0.791529271951239
6.97552925140319,10,-3.02447074859681
6.13358832726425,10,-3.86641167273575
7.26409956773504,10,-2.73590043226496
8.3120656153849,10,-1.6879343846151
10.7553972775779,10,0.755397277577876
8.68793515351709,10,-1.31206484648291
9.85554411627758,10,-0.144455883722415
10.6259296059324,10,0.625929605932406
7.64876422784198,10,-2.35123577215802
8.55642059019584,10,-1.44357940980416
8.72642651878011,10,-1.27357348121989
8.63602100483469,10,-1.36397899516531
9.25202937028746,10,-0.747970629712544
11.3417533254726,10,1.34175332547261
9.13416459209502,10,-0.865835407904978
11.1857756999492,10,1.18577569994921
10.5817944140418,10,0.581794414041812
10.328300901367,10,0.328300901366959
11.6700888953417,10,1.67008889534169
13.6693575970787,10,3.66935759707869
12.5182272696155,10,2.51822726961552
7.27884673093742,10,-2.72115326906258
10.9112006935738,10,0.911200693573768
7.85392904044961,10,-2.14607095955039
6.53565644605265,10,-3.46434355394735
7.91208303624857,10,-2.08791696375143
6.23356061707784,10,-3.76643938292216
8.045292747159,10,-1.954707252841
12.3423231866449,10,2.34232318664489
9.17509674105183,10,-0.824903258948171
14.6453912897911,10,4.64539128979106
10.6778947249382,10,0.677894724938172
11.7431672450002,10,1.74316724500022
9.74627769128707,10,-0.253722308712929
9.51365502585947,10,-0.486344974140529
8.6359719014478,10,-1.3640280985522
10.2802879342056,10,0.280287934205563
7.41290913549167,10,-2.58709086450833
8.51557671763584,10,-1.48442328236416
8.13108825684003,10,-1.86891174315997
10.2945218048148,10,0.294521804814845
12.6547262249298,10,2.65472622492981
13.7819788364119,10,3.78197883641189
6.91946081909773,10,-3.08053918090227
10.6089785955131,10,0.608978595513089
8.85013545283976,10,-1.14986454716024
8.09703183763214,10,-1.90296816236786
10.1820803792752,10,0.182080379275237
9.16813222024969,10,-0.83186777975031
10.09020464739,10,0.0902046473900176
11.3573941599003,10,1.35739415990032
8.34612038540359,10,-1.65387961459641
9.72976087535467,10,-0.270239124645326
6.98818192868894,10,-3.01181807131106
9.32051050918757,10,-0.679489490812428
11.7548405136681,10,1.75484051366808
6.89912676714227,10,-3.10087323285773
10.6949186958498,10,0.694918695849767
7.5939365499983,10,-2.4060634500017
10.3900949399844,10,0.390094939984373
9.1971427628427,10,-0.802857237157303
9.50292631068383,10,-0.497073689316167
7.13495661887448,10,-2.86504338112552
8.37102761936429,10,-1.62897238063571
9.65455950597248,10,-0.345440494027519
10.1283997013765,10,0.128399701376548
9.65697733603604,10,-0.343022663963959
8.84921227804705,10,-1.15078772195295
12.3865189222368,10,2.38651892223683
9.65035542722257,10,-0.349644572777433
8.60364469555222,10,-1.39635530444778
8.63342195642613,10,-1.36657804357387
9.86369522775464,10,-0.136304772245361
11.676550113287,10,1.67655011328704
9.23308503361186,10,-0.766914966388136
11.5758021952337,10,1.57580219523373
10.4099374117554,10,0.40993741175535
8.97961816117891,10,-1.02038183882109
8.5183584001881,10,-1.4816415998119
10.3218246710937,10,0.321824671093684
9.81232087821628,10,-0.18767912178372
8.35469991317287,10,-1.64530008682713
8.55453508440014,10,-1.44546491559986
10.9819513679752,10,0.981951367975238
10.9510133510073,10,0.951013351007264
9.4317852555571,10,-0.5682147444429
11.5088208809267,10,1.5088208809267
9.36029211756997,10,-0.63970788243003
9.78866285778662,10,-0.211337142213381
12.2614347662276,10,2.26143476622765
9.01029508659131,10,-0.98970491340869
6.25173956213251,10,-3.74826043786749
7.63310823110957,10,-2.36689176889043
10.5345984652115,10,0.534598465211467
9.60299991295855,10,-0.397000087041447
15.0663244157815,10,5.06632441578146
7.39191221370401,10,-2.60808778629599
9.55012478296947,10,-0.449875217030528
10.0743193239873,10,0.0743193239873286
7.46105312388867,10,-2.53894687611133
11.9962262852078,10,1.99622628520779
11.3773283069844,10,1.3773283069844
12.8590572981785,10,2.85905729817854
11.275187153643,10,1.27518715364297
3.40937036070187,10,-6.59062963929813
8.20312160459812,10,-1.79687839540188
10.5798573238982,10,0.579857323898222
8.48280155042258,10,-1.51719844957742
10.5279489546812,10,0.52794895468125
9.87648131070159,10,-0.123518689298406
8.97812787148511,10,-1.02187212851489
10.1271367969996,10,0.127136796999592
10.9591495568544,10,0.959149556854418
12.1392498729666,10,2.13924987296662
8.3255318501863,10,-1.6744681498137
8.92804599672703,10,-1.07195400327297
8.64774164086479,10,-1.35225835913521
11.592459117835,10,1.59245911783501
12.956223434975,10,2.956223434975
11.9863064921044,10,1.98630649210439
12.5253147396021,10,2.52531473960211
10.469836221399,10,0.469836221398955
8.48760000271024,10,-1.51239999728976
11.2834638110389,10,1.28346381103887
13.262540862543,10,3.26254086254303
10.957204374897,10,0.957204374897018
11.7591415646183,10,1.75914156461831
7.07534217272251,10,-2.92465782727749
11.0830042197574,10,1.08300421975741
9.70783095158324,10,-0.292169048416764
11.0512319091323,10,1.05123190913232
12.4278084669196,10,2.42780846691959
8.78308829780495,10,-1.21691170219505
12.8685670215266,10,2.8685670215266
8.20140991515926,10,-1.79859008484074
10.0779142330846,10,0.0779142330845718
10.5862391353128,10,0.586239135312848
12.0392527927376,10,2.0392527927376
9.3817601033809,10,-0.618239896619104
8.20793381472567,10,-1.79206618527434
12.7149799771337,10,2.71497997713372
10.6956205751091,10,0.6956205751091
6.32599405897089,10,-3.67400594102911
10.6147424172343,10,0.614742417234331
6.7294223851638,10,-3.2705776148362
11.5224142479571,10,1.52241424795707
12.6724377944526,10,2.67243779445263
9.64756519955298,10,-0.35243480044702
8.24690697743689,10,-1.75309302256311
12.3698795256819,10,2.36987952568191
9.01269712735807,10,-0.987302872641929
8.41634558968066,10,-1.58365441031933
7.55650445557364,10,-2.44349554442636
7.15535999633127,10,-2.84464000366874
10.5349839982243,10,0.534983998224297
9.3558915475848,10,-0.644108452415204
11.5322134422311,10,1.53221344223113
9.88973544288118,10,-0.11026455711882
9.59182900334963,10,-0.408170996650367
6.64615984178129,10,-3.35384015821871
8.48791011035579,10,-1.51208988964421
10.2038033937403,10,0.203803393740321
9.16372318694984,10,-0.836276813050164
12.4926207849865,10,2.49262078498654
6.41663344239906,10,-3.58336655760094
9.64516664021585,10,-0.354833359784147
10.224560475701,10,0.224560475701028
8.5830214079306,10,-1.4169785920694
10.2198920286236,10,0.219892028623553
13.264293557631,10,3.26429355763098
7.93429383997306,10,-2.06570616002694
9.30936676409638,10,-0.690633235903624
7.20448240268434,10,-2.79551759731566
11.4352157009896,10,1.43521570098957
7.62010588541216,10,-2.37989411458784
8.30510222114867,10,-1.69489777885134
12.8126489386457,10,2.8126489386457
11.6289700380943,10,1.62897003809426
8.50320426802704,10,-1.49679573197296
12.0144184740825,10,2.01441847408249
8.69281114454151,10,-1.30718885545849
10.2104616352602,10,0.210461635260215
13.6442344913116,10,3.6442344913116
14.487949122297,10,4.48794912229701
9.11813514187697,10,-0.881864858123028
9.94022856600318,10,-0.0597714339968165
12.0712425428766,10,2.07124254287663
11.2119810969467,10,1.21198109694668
9.5347344820078,10,-0.465265517992201
9.58141016927518,10,-0.418589830724822
8.43194302558126,10,-1.56805697441874
5.43483944220912,10.0166666666667,-4.58182722445754
9.71480826427932,10.0333333333333,-0.318525069054016
7.59436935193834,10.05,-2.45563064806166
9.5955897383551,10.0666666666667,-0.471076928311564
15.225623760706,10.0833333333333,5.14229042737269
10.1711606844519,10.1,0.0711606844519056
13.3118336141774,10.1166666666667,3.19516694751076
7.76380912045722,10.1333333333333,-2.36952421287611
12.8924812122365,10.15,2.7424812122365
6.54050253806812,10.1666666666667,-3.62616412859854
9.57216107839922,10.1833333333333,-0.611172254934112
10.8396576647416,10.2,0.639657664741561
11.5912276854377,10.2166666666667,1.374561018771
9.95581413667099,10.2333333333333,-0.277519196662343
7.81499652015501,10.25,-2.43500347984499
7.50660058588742,10.2666666666667,-2.76006608077925
8.63440734991418,10.2833333333333,-1.64892598341915
7.95591784089615,10.3,-2.34408215910385
8.97511711313026,10.3166666666667,-1.34154955353641
8.11544472052417,10.3333333333333,-2.21788861280916
13.2688348991834,10.35,2.91883489918343
11.0054672235824,10.3666666666667,0.638800556915697
11.0589300515565,10.3833333333333,0.675596718223186
8.38643846046172,10.4,-2.01356153953828
11.0856280267578,10.4166666666667,0.668961360091162
11.2193295904229,10.4333333333333,0.785996257089556
8.15667957656995,10.45,-2.29332042343005
7.53337142497114,10.4666666666667,-2.93329524169552
5.67824354810767,10.4833333333333,-4.80508978522566
12.6819831789334,10.5,2.18198317893335
7.96942671264466,10.5166666666667,-2.547239954022
10.651735942292,10.5333333333333,0.118402608958619
10.7619328434542,10.55,0.211932843454241
10.8007884521702,10.5666666666667,0.234121785503548
8.93463825517993,10.5833333333333,-1.6486950781534
10.0114862064313,10.6,-0.588513793568723
9.81357312543729,10.6166666666667,-0.803093541229374
14.1872033741757,10.6333333333333,3.55387004084235
7.58611355966513,10.65,-3.06388644033487
10.1175676404766,10.6666666666667,-0.549099026190083
13.5448459953383,10.6833333333333,2.86151266200499
11.8368837172166,10.7,1.1368837172166
7.76036458001443,10.7166666666667,-2.95630208665224
12.9012807889728,10.7333333333333,2.16794745563944
3.31995106547649,10.75,-7.43004893452351
9.40383491758488,10.7666666666667,-1.36283174908179
15.1468960147296,10.7833333333333,4.36356268139629
12.195689999991,10.8,1.39568999999103
13.0463634450648,10.8166666666667,2.22969677839813
10.5699663348736,10.8333333333333,-0.263366998459782
9.76638323585533,10.85,-1.08361676414467
12.861626898536,10.8666666666667,1.9949602318693
17.5641886650299,10.8833333333333,6.68085533169653
10.1216425948367,10.9,-0.778357405163318
15.1079770705729,10.9166666666667,4.19131040390625
9.35137912270732,10.9333333333333,-1.58195421062602
9.68128810320831,10.95,-1.26871189679169
12.8971813452506,10.9666666666667,1.93051467858398
8.29220971116351,10.9833333333333,-2.69112362216982
13.8268269787518,11,2.82682697875182
5.93881266186058,11.0166666666667,-5.07785400480608
3.69039658014802,11.0333333333333,-7.34293675318531
10.5652907636462,11.05,-0.484709236353797
12.0752377397026,11.0666666666667,1.00857107303594
15.0158276302297,11.0833333333333,3.9324942968964
11.4709717971575,11.1,0.370971797157461
14.0913041935617,11.1166666666667,2.97463752689499
11.8870889093178,11.1333333333333,0.753755575984469
13.2904140633631,11.15,2.14041406336309
8.09889440376739,11.1666666666667,-3.06777226289927
10.9401041419442,11.1833333333333,-0.243229191389136
9.28707237272039,11.2,-1.91292762727961
10.4543511022573,11.2166666666667,-0.762315564409399
18.6591691920983,11.2333333333333,7.42583585876496
6.68649267259279,11.25,-4.56350732740721
11.3783119829499,11.2666666666667,0.111645316283241
10.2297094775255,11.2833333333333,-1.05362385580787
12.5519629323765,11.3,1.25196293237649
17.2623849979697,11.3166666666667,5.94571833130299
14.3743821702915,11.3333333333333,3.04104883695812
9.14933886805652,11.35,-2.20066113194348
6.53965305561879,11.3666666666667,-4.82701361104788
14.2523767790893,11.3833333333333,2.86904344575594
8.02679914687648,11.4,-3.37320085312352
8.97285146280948,11.4166666666667,-2.44381520385719
13.0310351243704,11.4333333333333,1.59770179103702
6.197553305868,11.45,-5.252446694132
16.8616575124161,11.4666666666667,5.39499084574945
11.8414940209685,11.4833333333333,0.358160687635187
10.6806872784259,11.5,-0.819312721574062
14.3575169299559,11.5166666666667,2.84085026328923
14.3819530470821,11.5333333333333,2.8486197137488
10.6654431984114,11.55,-0.884556801588582
15.4983210664873,11.5666666666667,3.93165439982067
12.8995321572183,11.5833333333333,1.31619882388495
15.5600098263728,11.6,3.96000982637279
12.5695671320458,11.6166666666667,0.952900465379086
10.9390294957471,11.6333333333333,-0.694303837586281
18.0329221005905,11.65,6.3829221005905
8.79491116768668,11.6666666666667,-2.87175549897998
14.0151949067601,11.6833333333333,2.33186157342675
19.1828412103602,11.7,7.48284121036023
10.180389118849,11.7166666666667,-1.53627754781764
14.1026408031977,11.7333333333333,2.36930746986435
12.9483234257479,11.75,1.19832342574789
10.4549412871995,11.7666666666667,-1.31172537946719
11.7698864474866,11.7833333333333,-0.0134468858467459
14.14758223741,11.8,2.34758223740999
20.7036969483923,11.8166666666667,8.88703028172564
15.2313071381926,11.8333333333333,3.39797380485924
10.910270879857,11.85,-0.939729120143047
4.23726153243116,11.8666666666667,-7.62940513423551
12.8505167758596,11.8833333333333,0.967183442526265
12.9178122632384,11.9,1.01781226323844
8.81670064755434,11.9166666666667,-3.09996601911233
15.9033774808782,11.9333333333333,3.97004414754488
13.4939472566333,11.95,1.54394725663334
14.2947047489938,11.9666666666667,2.32803808232717
10.0466895656948,11.9833333333333,-1.93664376763855
9.26458247251912,12,-2.73541752748088
10.1391771478639,12.0166666666667,-1.87748951880273
7.5539916979809,12.0333333333333,-4.47934163535244
9.93370926754597,12.05,-2.11629073245403
15.0224923545582,12.0666666666667,2.95582568789151
2.87400077323009,12.0833333333333,-9.20933256010325
4.83491319574888,12.1,-7.26508680425112
12.2261283919851,12.1166666666667,0.10946172531844
13.4911044899567,12.1333333333333,1.35777115662341
8.21235600892902,12.15,-3.93764399107098
14.4018423791413,12.1666666666667,2.2351757124746
17.4502417118718,12.1833333333333,5.26690837853846
15.0717198556448,12.2,2.8717198556448
5.6243525645413,12.2166666666667,-6.59231410212536
9.1406137572025,12.2333333333333,-3.09271957613084
8.62130470537303,12.25,-3.62869529462697
10.8213215189878,12.2666666666667,-1.44534514767884
9.40799753022503,12.2833333333333,-2.8753358031083
8.68105719569695,12.3,-3.61894280430305
20.5611261365717,12.3166666666667,8.244459469905
10.8904667666636,12.3333333333333,-1.44286656666977
11.6869445459779,12.35,-0.663055454022124
13.6171151938789,12.3666666666667,1.25044852721225
4.7904269379542,12.3833333333333,-7.59290639537914
7.37681453471084,12.4,-5.02318546528917
14.4919028609069,12.4166666666667,2.07523619424026
13.9911607976429,12.4333333333333,1.55782746430961
7.28346831351257,12.45,-5.16653168648743
17.4946058788223,12.4666666666667,5.02793921215567
12.1841199222733,12.4833333333333,-0.299213411060032
13.1376079196298,12.5,0.637607919629847
13.0102645052166,12.5166666666667,0.493597838549916
10.0401248483109,12.5333333333333,-2.49320848502241
4.21767103620058,12.55,-8.33232896379942
11.9689953634404,12.5666666666667,-0.597671303226312
5.41054942677029,12.5833333333333,-7.17278390656304
11.8425332206821,12.6,-0.757466779317934
13.5739161905561,12.6166666666667,0.957249523889468
13.5505584092548,12.6333333333333,0.917225075921449
6.20383559003756,12.65,-6.44616440996244
14.3774665783689,12.6666666666667,1.7107999117022
7.01431708287168,12.6833333333333,-5.66901625046166
13.8828605634073,12.7,1.18286056340733
15.5617662376266,12.7166666666667,2.8450995709599
20.2991211910058,12.7333333333333,7.56578785767244
3.00868010498186,12.75,-9.74131989501814
16.7194830523492,12.7666666666667,3.95281638568254
12.0076913828128,12.7833333333333,-0.775641950520495
12.4385113616866,12.8,-0.361488638313437
10.1077532587969,12.8166666666667,-2.7089134078698
13.9650811682689,12.8333333333333,1.13174783493558
11.5957000877442,12.85,-1.25429991225578
9.85535122201605,12.8666666666667,-3.01131544465062
10.2531420547183,12.8833333333333,-2.63019127861507
15.9197815342238,12.9,3.01978153422377
15.3338330637188,12.9166666666667,2.41716639705211
18.3630581207149,12.9333333333333,5.42972478738159
14.7465758946796,12.95,1.79657589467965
12.2420594972319,12.9666666666667,-0.724607169434794
7.31044799275983,12.9833333333333,-5.6728853405735
14.5739196298018,13,1.57391962980183
11.478631549067,13.0166666666667,-1.5380351175997
14.1482937512497,13.0333333333333,1.11496041791632
17.4666271228598,13.05,4.41662712285983
10.5695729160544,13.0666666666667,-2.49709375061227
10.631842741311,13.0833333333333,-2.45149059202229
11.7781134564819,13.1,-1.32188654351806
14.204451024672,13.1166666666667,1.08778435800529
23.5896104514929,13.1333333333333,10.4562771181595
8.65459161623801,13.15,-4.49540838376199
20.0896222338875,13.1666666666667,6.92295556722086
12.0666753223605,13.1833333333333,-1.11665801097279
17.8690605349911,13.2,4.66906053499113
13.5281369389226,13.2166666666667,0.311470272255902
10.4376248084851,13.2333333333333,-2.79570852484823
11.8892016563402,13.25,-1.36079834365981
18.3167366752337,13.2666666666667,5.05007000856706
19.9761838587084,13.2833333333333,6.6928505253751
18.3934144986048,13.3,5.09341449860477
10.3193353701453,13.3166666666667,-2.99733129652138
6.45960585554687,13.3333333333333,-6.87372747778647
15.4946421395607,13.35,2.14464213956074
16.2001606969691,13.3666666666667,2.83349403030243
-0.142564815602054,13.3833333333333,-13.5258981489354
13.5308470664097,13.4,0.130847066409713
24.7676171594491,13.4166666666667,11.3509504927825
12.409494730305,13.4333333333333,-1.02383860302832
9.93915291693082,13.45,-3.51084708306918
7.95754272582369,13.4666666666667,-5.50912394084298
3.55323733442648,13.4833333333333,-9.93009599890685
10.8080800044438,13.5,-2.69191999555617
15.1795490926186,13.5166666666667,1.66288242595196
8.08904682419491,13.5333333333333,-5.44428650913843
14.9567372595189,13.55,1.40673725951888
17.9530242713212,13.5666666666667,4.3863576046545
10.2707644018112,13.5833333333333,-3.31256893152213
16.3563409455588,13.6,2.7563409455588
16.7928055736801,13.6166666666667,3.17613890701341
13.39219545178,13.6333333333333,-0.241137881553377
24.7039341206183,13.65,11.0539341206183
6.45752091003088,13.6666666666667,-7.20914575663579
15.2466255281847,13.6833333333333,1.56329219485137
8.4175584310855,13.7,-5.2824415689145
9.59059498485643,13.7166666666667,-4.12607168181023
16.26158356898,13.7333333333333,2.52825023564666
20.0341435231029,13.75,6.28414352310287
14.747594313809,13.7666666666667,0.980927647142309
21.3297145556601,13.7833333333333,7.54638122232674
8.40523844794812,13.8,-5.39476155205188
15.7836195287425,13.8166666666667,1.96695286207581
10.7364520766297,13.8333333333333,-3.09688125670363
9.41946281696706,13.85,-4.43053718303294
-1.5718186097932,13.8666666666667,-15.4384852764599
18.3557381647705,13.8833333333333,4.47240483143715
24.9616165319516,13.9,11.0616165319516
16.8728733096371,13.9166666666667,2.95620664297045
22.0995167737103,13.9333333333333,8.16618344037693
14.3009335365673,13.95,0.350933536567311
6.62516308675925,13.9666666666667,-7.34150357990741
8.7630441895404,13.9833333333333,-5.22028914379293
9.18400454526897,14,-4.81599545473103
20.6492965608035,14.0166666666667,6.63262989413681
11.1351526690436,14.0333333333333,-2.89818066428969
14.6032258358116,14.05,0.553225835811602
5.97889849738353,14.0666666666667,-8.08776816928314
12.9696883739305,14.0833333333333,-1.11364495940283
4.18221246368727,14.1,-9.91778753631273
9.82017602700079,14.1166666666667,-4.29649063966588
18.7915524759124,14.1333333333333,4.65821914257908
24.6643690168087,14.15,10.5143690168087
17.1602204693958,14.1666666666667,2.99355380272918
14.784589813168,14.1833333333333,0.60125647983464
20.8542190834101,14.2,6.65421908341014
18.7425209620449,14.2166666666667,4.52585429537828
-1.03129427920377,14.2333333333333,-15.2646276125371
3.05270858765698,14.25,-11.197291412343
9.04430462420459,14.2666666666667,-5.22236204246207
8.79416006148909,14.2833333333333,-5.48917327184424
4.21854701090157,14.3,-10.0814529890984
10.0323644352428,14.3166666666667,-4.2843022314239
8.43588212261415,14.3333333333333,-5.89745121071918
21.336406901468,14.35,6.98640690146797
10.4831570437791,14.3666666666667,-3.88350962288758
6.23809629620061,14.3833333333333,-8.14523703713272
11.7358962156784,14.4,-2.66410378432158
10.0214590608672,14.4166666666667,-4.3952076057995
16.1198994822635,14.4333333333333,1.68656614893019
12.9582069755891,14.45,-1.49179302441093
4.8603239915414,14.4666666666667,-9.60634267512527
18.2457618700788,14.4833333333333,3.76242853674548
12.1343160888243,14.5,-2.36568391117566
10.6064713703888,14.5166666666667,-3.91019529627791
8.96826524516146,14.5333333333333,-5.56506808817188
19.7499662740677,14.55,5.1999662740677
13.8513607481363,14.5666666666667,-0.715305918530377
4.36064742122905,14.5833333333333,-10.2226859121043
28.9272428046822,14.6,14.3272428046822
12.3557770885333,14.6166666666667,-2.26088957813337
16.4313504290328,14.6333333333333,1.79801709569949
17.0096004196196,14.65,2.35960041961961
5.95649485872524,14.6666666666667,-8.71017180794143
22.8446358961163,14.6833333333333,8.16130256278296
16.3824867541469,14.7,1.6824867541469
15.681539926345,14.7166666666667,0.964873259678287
23.8276427868289,14.7333333333333,9.09430945349559
15.8238922278737,14.75,1.07389222787372
3.11253916309018,14.7666666666667,-11.6541275035765
14.6743945069968,14.7833333333333,-0.108938826336502
22.7355552163701,14.8,7.9355552163701
23.0827805052401,14.8166666666667,8.26611383857345
16.6419527365937,14.8333333333333,1.80861940326036
3.2497069483149,14.85,-11.6002930516851
22.3955695476815,14.8666666666667,7.52890288101482
14.4883370225184,14.8833333333333,-0.39499631081491
16.2240600239793,14.9,1.32406002397933
23.7788002673808,14.9166666666667,8.86213360071415
17.7257807491506,14.9333333333333,2.79244741581723
-10.9193681678926,14.95,-25.8693681678926
3.37596993150572,14.9666666666667,-11.590696735161
9.20107374955177,14.9833333333333,-5.78225958378156
5.96094867491322,15,-9.03905132508678
16.1776882508076,15.0896771661102,1.08801108469735
16.2716500122351,15.1805031885235,1.09114682371155
10.2318321081784,15.2724927852653,-5.04066067708688
23.9794888976982,15.3656608629138,8.61382803478444
9.58090944308755,15.4600225190159,-5.87911307592838
12.9444329416713,15.5555930445336,-2.61116010286231
10.5453530705093,15.6523879263216,-5.10703485581225
8.80245322165126,15.7504228496371,-6.94796962798586
16.2784421635435,15.8497137006816,0.428728462861921
4.86635005829733,15.950276569175,-11.0839265108777
13.5383205352046,16.052127750963,-2.51380721575835
22.9268147703689,16.1552837506578,6.77153101971107
22.9813913257139,16.2597612843127,6.72163004140126
0.0855208075742659,16.3655772821304,-16.2800564745561
19.9187784447318,16.4727488912072,3.44602955352468
12.6511983855237,16.581293478311,-3.93009509278737
20.6069422837719,16.691228632696,3.91571365107587
18.317657926333,16.8025721689526,1.51508575738041
14.0973788591308,16.9153421298944,-2.81796327076358
16.9093164602433,17.0295567894818,-0.120240329238544
22.7046443043326,17.1452346557835,5.55940964854906
23.9871219188733,17.2623944739755,6.72472744489777
10.3481790211325,17.3810552293785,-7.03287620824597
4.88973858296424,17.5012361505348,-12.6114975675706
13.5904342874867,17.622956712324,-4.03252242483727
27.687371951338,17.7462366391186,9.94113531221941
21.2550307163614,17.8710959079809,3.38393480838055
21.9365833602876,17.9975547518994,3.93902860838817
13.6447049889382,18.1256336630683,-4.48092867413008
10.4032418199677,18.2553533962075,-7.85211157623982
39.9603207766855,18.3867349719261,21.5735858047594
17.4134847713817,18.519799680129,-1.10631490874739
18.3003317279042,18.6545690834664,-0.35423735556218
15.8375846234472,18.7910650208279,-2.95348039738067
19.6912456889836,18.929309610882,0.76193607810155
15.5325689077015,19.0693252556599,-3.53675634795845
7.50427704223363,19.2111346441856,-11.706857601952
24.9520076275169,19.3547607561528,5.59724687136403
36.0581230037273,19.5002268656488,16.5578961380786
21.8008265349066,19.6475565449253,2.15326998998127
11.0182153341282,19.7967736682193,-8.77855833409109
20.622100980435,19.9479024156206,0.674198564814325
32.4476261276053,20.1009672769913,12.346658850614
42.1101850114799,20.2559930559331,21.8541919555467
2.96970736845106,20.4130048738078,-17.4432975053567
22.0053643388975,20.5720281738071,1.43333616509033
15.2160452932786,20.7330887250764,-5.51704343179786
27.9195106152199,20.89621262689,7.02329798832994
23.2677161798063,21.0614263128806,2.20628986692576
13.4419373253851,21.228756555323,-7.78681922993788
-2.81489351788854,21.398230469472,-24.2131239873605
5.09366788594064,21.5698755179568,-16.4762076320162
13.4095224650784,21.743719515231,-8.33419705015254
18.1099139098563,21.9197906320795,-3.80987672222322
38.6738823404298,22.0981174001841,16.5757649402457
13.7889960184825,22.2787287167467,-8.48973269826413
27.8418794909186,22.4616538491716,5.38022564174702
35.9144501627773,22.6469224398088,13.2675277229685
26.2711837388222,22.8345645107572,3.43661922806502
24.2986669696773,23.0246104687292,1.27405650094818
13.9263351848321,23.2170911099785,-9.29075592514645
36.3784869436435,23.4120376252905,12.9664493183529
49.0313532716638,23.6094816050363,25.4218716666275
31.3274517623973,23.8094550442919,7.51799671810545
28.9327024397828,24.0119903480232,4.92071209175967
28.0341404397473,24.2171203363367,3.81702010341052
41.4088345342029,24.4248782497983,16.9839562844046
19.1307201031268,24.6352977548193,-5.50457765169256
16.2187738683289,24.8484129491125,-8.62963908078361
34.1401199799057,25.0642583672169,9.07586161268872
19.9859934093987,25.2828689860947,-5.29687557669604
41.1150120380167,25.5042802307986,15.610731807218
-0.22371148549615,25.7285279802125,-25.9522394657087
49.7714110415059,25.9556485728656,23.8157624686404
12.898874440804,26.1856788128207,-13.2868043720166
30.8124155899462,26.4186559756384,4.39375961430772
17.9265085508472,26.6546178144176,-8.72810926357044
40.3755221655685,26.8936025659128,13.4819195996557
0.0109382640973053,27.1356489567305,-27.1247106926332
6.69579390687558,27.3807962096047,-20.6850023027292
59.6712023243327,27.6290840497529,32.0421182745798
8.48928010842154,27.8805527113131,-19.3912726028915
14.073562956339,28.1352429438639,-14.0616799875249
29.6640408955742,28.3931960190276,1.2708448765466
12.1576388226846,28.6544537371586,-16.496814914474
31.9880238015855,28.9190584341161,3.06896536746937
54.1014608232972,29.1870529881255,24.9144078351717
30.9323346247288,29.4584808267258,1.47385379800297
67.2492607496661,29.7333859338075,37.5158748158586
-1.89959630444539,30.0118128567394,-31.9114091611848
23.9480320145852,30.2938067135881,-6.34577469900289
10.8440677985101,30.5794132004286,-19.7353454019186
39.2957911489579,30.8686785987495,8.42711255020842
1.93932618652675,31.1616497829526,-29.2223235964258
-9.81885216356394,31.4583742279487,-41.2772263915126
22.4089857191762,31.7589000168509,-9.34991429767468
-11.6124732543164,32.0632758487662,-43.6757491030826
10.4833366633691,32.3715510466871,-21.8882143833179
19.1742909555696,32.6837755654838,-13.5094846099143
-8.75980246718361,33,-41.7598024671836
